sample_name,library,organism,ip,comment,replicate,read_type,read_length,filename,data_source,ERCC_mix,ERCC_spikein,wigsum,amplicon,guide_rna
Amplicon_human,Amplicon,,,,,single,,amplicon.fastq.gz,microtest,,,,TTCACTGCTCTGTACGTATTCTTGAATAATCACAAATGCACTGTGAGTAGTGACTTTTAAGTTACAAATAAATTTTATTAAGTAGGTGAAATTCAAACATAAAATCCGCTAATAAGGATTAACTGTATGTGCATAATTTAAACTTCATCCATAAATTTAACCACACCATTTGATTTTACCAGAATCAGGCTCTACCCCACTCCTGACTCTGCCCACTACCCACCCAGTACCTCTGGTAATAGGTGTCTGAGCGTCCACAGGTGGCCCCTGACTTGCGAAAGACTTCGCGGCGCTTCCAGCCAGGGCCCAGGGCCGGGCAGTCCAGCCAGTCCTCAGCCATGGAGGCCACAGGAAGCAGCAGTAGCCTGAAAGGGGGTGGAAGGGATGAGGGAAACTGAGGCTCTAGGAAGGGACAACACTGTGCCCCAGGCCACACAAATCACTGGTATCCATTAGTGC,ATAGGTGTCTGAGCGTCCAC
ATAC-seq_human_PE,ATAC-seq,human,,,,paired,,atac-seq_PE.bam,microtest,,,,,
ATAC-seq_human_SE,ATAC-seq,human,,,,single,,atac-seq_SE.bam,microtest,,,,,
ChIP-seq_human_CTCF_PE,ChIP-seq,human,CTCF,,,paired,,chip-seq_PE.bam,microtest,,,,,
ChIP-seq_human_CTCF_SE,ChIP-seq,human,CTCF,,,single,,chip-seq_SE.bam,microtest,,,,,
ChIP-seq_human_H3K27ac_PE,ChIP-seq,human,H3K27ac,,,paired,,chip-seq_PE.bam,microtest,,,,,
ChIP-seq_human_H3K27ac_SE,ChIP-seq,human,H3K27ac,,,single,,chip-seq_SE.bam,microtest,,,,,
ChIPmentation_human_CTCF_PE,ChIPmentation,human,CTCF,,,paired,,chipmentation_PE.bam,microtest,,,,,
ChIPmentation_human_CTCF_SE,ChIPmentation,human,CTCF,,,single,,chipmentation_SE.bam,microtest,,,,,
ChIPmentation_human_H3K27ac_PE,ChIPmentation,human,H3K27ac,,,paired,,chipmentation_PE.bam,microtest,,,,,
ChIPmentation_human_H3K27ac_SE,ChIPmentation,human,H3K27ac,,,single,,chipmentation_SE.bam,microtest,,,,,
Drop-seq_human,Drop-seq,human,,,,paired,,dropseq_human.bam,microtest,,,,,
Drop-seq_mouse,Drop-seq,mouse,,,,paired,,dropseq_mouse.bam,microtest,,,,,
Quant-seq_human,Quant-seq,human,,,,single,,quant-seq_SE.bam,microtest,,,,,
RRBS_human,RRBS,human,,,,,,rrbs1.bam,microtest,,,,,
RRBS_human_PE,RRBS,human,,,,paired,,rrbs_PE.bam,microtest,,,,,
SMART-seq_human_SE,SMART-seq,human,,,,single,,RNA_SMART_50SE.bam,microtest,mix1,,1000000,,
SMART-seq_human_truseq_SE,SMART-seq,human,,truseq,,single,,RNA_TRUseq_50SE.bam,microtest,,FALSE,1000000,,
WGBS_human_1,WGBS,human,,,1,,,wgbs1.bam,microtest,,,,,
WGBS_human_2,WGBS,human,,,2,,,wgbs2.bam,microtest,,,,,
